{"inputUnits":[34],"outputUnits":3,"inputs":{"0":{"dtype":"number","min":350.4541229783443,"max":401.54897232501827},"1":{"dtype":"number","min":147.56169190880846,"max":217.97717059100114},"2":{"dtype":"number","min":357.7178195113095,"max":408.5706351653874},"3":{"dtype":"number","min":139.4737047154536,"max":210.34779212163437},"4":{"dtype":"number","min":344.05265406558385,"max":394.04548094751306},"5":{"dtype":"number","min":141.85161835966053,"max":211.45814118561918},"6":{"dtype":"number","min":375.1352428413971,"max":419.38056642781453},"7":{"dtype":"number","min":145.6952261227613,"max":211.93572105720028},"8":{"dtype":"number","min":338.4374523348743,"max":384.6221061245507},"9":{"dtype":"number","min":148.08947349384746,"max":212.22484209384135},"10":{"dtype":"number","min":397.08138330173307,"max":434.6859289098669},"11":{"dtype":"number","min":187.5940798040022,"max":237.46202182583875},"12":{"dtype":"number","min":322.6978907296997,"max":372.9317452057063},"13":{"dtype":"number","min":183.84983620448418,"max":241.49444788287718},"14":{"dtype":"number","min":417.24613241749665,"max":463.3690082631845},"15":{"dtype":"number","min":215.3679477029841,"max":296.8308968943694},"16":{"dtype":"number","min":275.0971422697368,"max":339.12300582052904},"17":{"dtype":"number","min":209.36882866753473,"max":303.1200678120812},"18":{"dtype":"number","min":377.2784832811262,"max":525.9826321072048},"19":{"dtype":"number","min":217.06016733864823,"max":286.70068157114247},"20":{"dtype":"number","min":220.27168259053667,"max":385.36323591979624},"21":{"dtype":"number","min":217.0150324057417,"max":287.66446476094205},"22":{"dtype":"number","min":385.597650777062,"max":412.99115751686617},"23":{"dtype":"number","min":298.8191493073402,"max":346.2040499265198},"24":{"dtype":"number","min":330.55068583051593,"max":361.51674861796414},"25":{"dtype":"number","min":294.6617248416179,"max":343.4140276397645},"26":{"dtype":"number","min":374.83548497131227,"max":428.4971740603679},"27":{"dtype":"number","min":380.10814733672555,"max":425.66199349148695},"28":{"dtype":"number","min":279.45660626446755,"max":347.63948615299097},"29":{"dtype":"number","min":351.2183414332815,"max":425.444434093453},"30":{"dtype":"number","min":364.46048253228554,"max":453.83016307451567},"31":{"dtype":"number","min":471.547180532712,"max":496.147086457667},"32":{"dtype":"number","min":308.00015157658686,"max":368.492944431119},"33":{"dtype":"number","min":373.51641976577724,"max":512.9343162967912}},"outputs":{"0":{"dtype":"string","min":0,"max":1,"uniqueValues":["p","t","w"],"legend":{"p":[1,0,0],"t":[0,1,0],"w":[0,0,1]}}},"isNormalized":true}