{"inputUnits":[34],"outputUnits":3,"inputs":{"0":{"dtype":"number","min":17.61179368165966,"max":386.80191843133224},"1":{"dtype":"number","min":126.89731768929701,"max":225.02017194067525},"2":{"dtype":"number","min":26.390044154711866,"max":394.34153298420745},"3":{"dtype":"number","min":124.02698866340384,"max":211.41613817122015},"4":{"dtype":"number","min":7.972357379995127,"max":381.6240952400668},"5":{"dtype":"number","min":123.60510247957404,"max":217.10603992841396},"6":{"dtype":"number","min":48.49738940858004,"max":395.2086649814776},"7":{"dtype":"number","min":126.55821504648665,"max":217.15917962801154},"8":{"dtype":"number","min":1.0355699178535802,"max":374.2157279864157},"9":{"dtype":"number","min":127.35036035727339,"max":220.70876182868466},"10":{"dtype":"number","min":46.673599451373654,"max":409.21241091008767},"11":{"dtype":"number","min":148.06710107517054,"max":255.8969273855347},"12":{"dtype":"number","min":-0.7810421622055083,"max":368.6749291373507},"13":{"dtype":"number","min":148.06194223623294,"max":257.36256426537943},"14":{"dtype":"number","min":48.28156052974232,"max":426.74100106222585},"15":{"dtype":"number","min":97.94901886878654,"max":339.3575490055493},"16":{"dtype":"number","min":-4.172654179801718,"max":354.30262158488665},"17":{"dtype":"number","min":100.16074494776436,"max":333.85249206661945},"18":{"dtype":"number","min":66.40308402435124,"max":441.20836819356873},"19":{"dtype":"number","min":69.92071675975419,"max":407.6438882987634},"20":{"dtype":"number","min":-3.6926724617941336,"max":380.2179080003883},"21":{"dtype":"number","min":69.19040494030213,"max":407.1493464836135},"22":{"dtype":"number","min":82.28170056556864,"max":397.07343534651784},"23":{"dtype":"number","min":238.55829458255283,"max":385.9217914782072},"24":{"dtype":"number","min":25.23058142113639,"max":365.8972840188307},"25":{"dtype":"number","min":231.27542953045048,"max":386.45376224034476},"26":{"dtype":"number","min":75.72866547642163,"max":414.84837790446437},"27":{"dtype":"number","min":300.7439743845086,"max":401.465401900442},"28":{"dtype":"number","min":10.820916902716862,"max":365.4028463084795},"29":{"dtype":"number","min":284.7658338044819,"max":400.983392964562},"30":{"dtype":"number","min":71.14560965673732,"max":411.75481190226},"31":{"dtype":"number","min":369.7109557034676,"max":455.2699446352834},"32":{"dtype":"number","min":-2.4004325346175226,"max":376.2780642741837},"33":{"dtype":"number","min":313.0804050735563,"max":434.4726761786328}},"outputs":{"0":{"dtype":"string","min":0,"max":1,"uniqueValues":["p","t","m"],"legend":{"p":[1,0,0],"t":[0,1,0],"m":[0,0,1]}}},"isNormalized":true}