{"inputUnits":[34],"outputUnits":3,"inputs":{"0":{"dtype":"number","min":326.6865750734801,"max":411.6977719907407},"1":{"dtype":"number","min":90.64407378377041,"max":147.38160428945082},"2":{"dtype":"number","min":333.2696491561205,"max":420.4549427292732},"3":{"dtype":"number","min":84.7851972970349,"max":139.70668716505023},"4":{"dtype":"number","min":317.40798236333836,"max":409.4643361944901},"5":{"dtype":"number","min":83.84459348682307,"max":140.06245719061957},"6":{"dtype":"number","min":348.6695418627406,"max":428.21294832880267},"7":{"dtype":"number","min":92.79595626027961,"max":146.99982938710707},"8":{"dtype":"number","min":307.93347869932535,"max":397.81174211706565},"9":{"dtype":"number","min":90.72884245457936,"max":146.3386931242766},"10":{"dtype":"number","min":364.25166347570587,"max":433.91304060729624},"11":{"dtype":"number","min":120.95780043574104,"max":180.1244588483844},"12":{"dtype":"number","min":297.5194081088953,"max":394.28258706254564},"13":{"dtype":"number","min":120.46658848693727,"max":181.59212242557754},"14":{"dtype":"number","min":386.945633023803,"max":463.37505675198736},"15":{"dtype":"number","min":73.61643889726486,"max":216.48049010635583},"16":{"dtype":"number","min":249.8741355137518,"max":380.98987319083705},"17":{"dtype":"number","min":72.65939337003533,"max":233.86762890434636},"18":{"dtype":"number","min":362.38824022676044,"max":519.6444847895156},"19":{"dtype":"number","min":36.59814578050758,"max":225.52645796688444},"20":{"dtype":"number","min":189.70034891169436,"max":413.4682198388767},"21":{"dtype":"number","min":32.478176659775514,"max":205.51730566786972},"22":{"dtype":"number","min":355.7329780920672,"max":416.54214959395557},"23":{"dtype":"number","min":220.50769724111575,"max":286.7083347610563},"24":{"dtype":"number","min":306.1578714173672,"max":394.5193368417245},"25":{"dtype":"number","min":216.01870293273328,"max":279.3677874336466},"26":{"dtype":"number","min":367.51024986103494,"max":424.64332506205835},"27":{"dtype":"number","min":289.43967763443436,"max":368.8350946675499},"28":{"dtype":"number","min":275.9110999153836,"max":408.1466478492781},"29":{"dtype":"number","min":274.32165283441077,"max":365.6959691335815},"30":{"dtype":"number","min":363.722392299719,"max":455.95040483084335},"31":{"dtype":"number","min":330.8283452262655,"max":438.35189566509996},"32":{"dtype":"number","min":277.47778656422275,"max":382.6918621695297},"33":{"dtype":"number","min":294.3118651986819,"max":427.29762205603527}},"outputs":{"0":{"dtype":"string","min":0,"max":1,"uniqueValues":["p","w","t"],"legend":{"p":[1,0,0],"w":[0,1,0],"t":[0,0,1]}}},"isNormalized":true}