{"inputUnits":[34],"outputUnits":3,"inputs":{"0":{"dtype":"number","min":358.76495361328125,"max":406.2763420833714},"1":{"dtype":"number","min":154.57451982107776,"max":201.8213063141523},"2":{"dtype":"number","min":367.5619001184058,"max":410.645192761635},"3":{"dtype":"number","min":149.56843028524,"max":195.00058417664167},"4":{"dtype":"number","min":353.30250879477336,"max":397.80618767989307},"5":{"dtype":"number","min":149.59672953882642,"max":193.74489767509596},"6":{"dtype":"number","min":379.623228969165,"max":421.84409991110044},"7":{"dtype":"number","min":151.03692662646196,"max":202.19284593013293},"8":{"dtype":"number","min":345.09669610631397,"max":387.2312608982852},"9":{"dtype":"number","min":154.32420221220912,"max":202.47374774419774},"10":{"dtype":"number","min":396.43128214756183,"max":437.835477118836},"11":{"dtype":"number","min":175.15535291407772,"max":241.41324658607647},"12":{"dtype":"number","min":329.6169800042641,"max":378.25558259008454},"13":{"dtype":"number","min":175.0975125853778,"max":243.09063679061205},"14":{"dtype":"number","min":430.4488267210724,"max":467.2951306794819},"15":{"dtype":"number","min":131.70426575063962,"max":296.27011126244975},"16":{"dtype":"number","min":279.7016332674677,"max":371.0597428290235},"17":{"dtype":"number","min":128.1323932253594,"max":299.68246642144334},"18":{"dtype":"number","min":398.4946969610441,"max":530.6763147424768},"19":{"dtype":"number","min":90.62295419198495,"max":277.41846184981495},"20":{"dtype":"number","min":217.9591652199074,"max":396.9607597484923},"21":{"dtype":"number","min":87.25392362062925,"max":279.3981575826455},"22":{"dtype":"number","min":403.45457645884727,"max":427.19220732155367},"23":{"dtype":"number","min":260.53408765885797,"max":355.6108036747685},"24":{"dtype":"number","min":348.9237330624467,"max":371.58693904765164},"25":{"dtype":"number","min":288.82371274119,"max":355.435574775086},"26":{"dtype":"number","min":381.1078782109489,"max":452.20531560291784},"27":{"dtype":"number","min":346.45086336786517,"max":459.1058861210099},"28":{"dtype":"number","min":298.721048158047,"max":358.2786012764795},"29":{"dtype":"number","min":358.4493857935855,"max":461.03385211431487},"30":{"dtype":"number","min":371.77765784904966,"max":477.8425714147021},"31":{"dtype":"number","min":396.58470599972014,"max":530.7822595191049},"32":{"dtype":"number","min":322.35002305772565,"max":378.5643562331766},"33":{"dtype":"number","min":362.8541978386178,"max":535.3185820997807}},"outputs":{"0":{"dtype":"string","min":0,"max":1,"uniqueValues":["t","p","w"],"legend":{"t":[1,0,0],"p":[0,1,0],"w":[0,0,1]}}},"isNormalized":true}